,User_Message,Response
0,I've been feeling really down lately.,"I'm sorry to hear that you're feeling this way. It's important to know that it's okay to feel down, but if you've been feeling this way for a while, it might be a good idea to talk to someone who can help."
1,What are some signs of depression?,"Some common signs of depression include persistent sadness, loss of interest in activities you once enjoyed, changes in appetite or weight, difficulty sleeping or sleeping too much, and feelings of worthlessness or excessive guilt."
2,How can I help a friend who is depressed?,"Being there for your friend is important. Listen to them without judgment, encourage them to talk about their feelings, and perhaps suggest they seek professional help if they're open to it. Remind them that they're not alone and that you care about them."
3,Is it normal to feel worthless?,"Feeling worthless sometimes is something many people experience. However, if this feeling is intense, persistent, or interfering with your daily life, it might be a symptom of depression. It's important to reach out to a professional who can provide support and guidance."
4,I don't enjoy anything anymore.,"Losing interest in activities you once enjoyed is a common symptom of depression. It can be really tough to go through this, but help is available. Speaking to a healthcare professional can be a good first step towards feeling better."
5,Can exercise help with depression?,"Yes, exercise can be beneficial for managing depression. It releases endorphins, which can improve mood. However, it's just one part of a comprehensive treatment plan. It's also important to seek advice from a healthcare professional."
6,I'm struggling to get out of bed each day.,"Difficulty getting out of bed can be a sign of depression. It's tough, but reaching out for help is a brave step. A healthcare provider can offer support and discuss treatment options with you."
7,Should I see a therapist if I feel depressed?,"Seeing a therapist can be very helpful if you're feeling depressed. They can provide support, teach coping strategies, and work with you to address the root causes of your depression."
8,I feel alone with my depression.,"It's really common to feel alone when you're dealing with depression, but many people are ready to support you, including friends, family, and professionals. Reaching out for help is a sign of strength."
9,What does treatment for depression look like?,"Treatment for depression often includes therapy, medication, or a combination of both. Lifestyle changes, like improving sleep habits, exercise, and nutrition, can also be part of a comprehensive treatment plan."
10,"Sometimes I just can't stop crying, is that normal?","It's not uncommon to experience periods of crying when feeling depressed. Emotions can feel more intense or harder to control. Acknowledging how you feel is a good step, and talking to someone about it can really help."
11,How do I know if I need medication for depression?,"The decision to use medication is personal and should be made with a healthcare professional. They can assess your symptoms, medical history, and preferences to determine if medication is a suitable option for you."
12,I'm afraid to talk to my family about depression.,"It can be really tough to open up about depression, especially to family. Remember, choosing someone you trust and feel comfortable with is important. Start with a small, simple statement about how you've been feeling."
13,Does talking about depression make it worse?,Talking about depression is actually a positive step towards healing. It can provide relief and is often the first step in getting the help and support you need. It's important to talk to someone who is supportive and understanding.
14,I feel guilty for being depressed.,"Many people with depression feel guilt, but it's important to know that depression is a real medical condition. It's not your fault, and you deserve support and treatment just like anyone else with a health issue."
15,Will I feel like this forever?,"It's common to feel hopeless when you're depressed, but with the right treatment and support, most people can improve. It's important to reach out for help because you don't have to navigate this alone."
16,Is depression just sadness?,"Depression is more complex than just feeling sad. It can affect your thoughts, feelings, behaviors, and physical health. While sadness can be a part of it, depression involves a range of symptoms that persist over time."
17,Why do I lose my temper easily now?,"Changes in mood, including increased irritability or anger, can be symptoms of depression. It's a sign that it might be a good time to seek help, as there are effective ways to manage these feelings."
18,I've lost interest in hobbies I used to love.,Losing interest in activities you once enjoyed is a common symptom of depression. Recognizing this change is an important step. Seeking help from a professional can start you on the path to regaining your interests.
19,How can I support someone with depression?,"Supporting someone with depression involves listening to them without judgment, encouraging them to seek professional help, and reminding them that they're not alone. Just being there for them can make a big difference."
20,I'm worried about the side effects of depression medication.,"It's understandable to have concerns about medication side effects. A healthcare professional can help weigh the benefits and risks, and find a treatment plan that's right for you."
21,How does therapy help with depression?,"Therapy provides a safe space to explore your feelings, identify patterns, and develop strategies to cope with depression. It can offer new perspectives and equip you with tools to manage symptoms effectively."
22,Can depression affect my physical health?,"Yes, depression can have physical symptoms like changes in appetite, sleep disturbances, fatigue, and pain. It's important to treat both your mental and physical health."
23,I don't know how to start the conversation about feeling depressed.,"Starting the conversation can be tough. Try beginning with, 'I've been feeling really down lately and I think I need to talk to someone about it.' Remember, reaching out is a brave step."
24,Is it normal to feel depressed without a reason?,"Depression doesn't always have a clear cause and can affect anyone, regardless of their situation. It's a complex condition influenced by various factors, including biological, environmental, and psychological."
25,How long does it take to recover from depression?,"Recovery time varies from person to person. Some may see improvements in a few weeks, while others take longer. It's a gradual process, and having support and a treatment plan can help navigate it."
26,What if I'm not comfortable with my therapist?,"It's important to feel comfortable with your therapist. If you don't, it's okay to look for another one. Therapy is most effective when you have a strong, trusting relationship with your therapist."
27,Can lifestyle changes improve my depression?,"Yes, lifestyle changes like regular exercise, a healthy diet, sufficient sleep, and managing stress can complement other treatments and help improve symptoms of depression."
28,I feel overwhelmed by my responsibilities.,Feeling overwhelmed is common in depression. Breaking tasks into smaller steps and prioritizing what's most important can help. Consider seeking support to manage these feelings and reduce your load.
29,How do I deal with the stigma of depression?,"Dealing with stigma can be challenging. It's important to remember that seeking help is a sign of strength. Educating others, connecting with supportive communities, and focusing on your well-being can also help combat stigma."
30,I'm scared my depression will never get better.,"It's natural to feel scared, especially during tough times. Recovery is a journey with ups and downs, but with the right support and treatment, improvement is possible. You're not alone in this."
31,How do I explain my depression to someone who doesn't understand it?,"Explaining depression can be challenging. You might say, 'Depression is a medical condition that affects my thoughts, feelings, and behaviors. It's not just about feeling sad, and it's not something I can simply 'snap out of.'"
32,Does depression ever go away completely?,"For some, depression can go away with treatment, and they might not experience it again. For others, it might be more recurrent. Managing depression is about finding the right strategies and support to handle its symptoms."
33,I'm finding it hard to concentrate because of my depression.,"Depression can affect concentration. Small steps like breaking tasks into manageable parts, reducing distractions, and setting short, achievable goals can help. It's also important to discuss these symptoms with a professional."
34,Can children and teenagers experience depression?,"Yes, children and teenagers can and do experience depression. Their symptoms might look different, such as irritability or changes in grades. It's important they receive support from adults they trust and, if needed, professional help."
35,What's the difference between depression and just having a bad day?,Depression involves persistent symptoms that last at least two weeks and affect daily functioning. It's more than just having a bad day; it's a deep and ongoing emotional pain that doesn't go away on its own.
36,I feel embarrassed to ask for help with my depression.,"It's understandable to feel that way, but asking for help is a brave and important step towards feeling better. Many people want to support you, including professionals who care and can assist in your recovery."
37,Are there different types of depression?,"Yes, there are several types of depression, including major depressive disorder, persistent depressive disorder (dysthymia), bipolar disorder, and seasonal affective disorder, each with its own set of symptoms and treatments."
38,Can depression affect my sleep?,"Yes, depression can significantly affect sleep, leading to insomnia or oversleeping. Poor sleep can also exacerbate depression, creating a cycle. It's important to address sleep issues as part of a comprehensive treatment plan."
39,Is it possible to prevent depression?,"While it's not always possible to prevent depression, strategies like maintaining a healthy lifestyle, building strong relationships, managing stress, and seeking early treatment can reduce risk or lessen the severity of episodes."
40,What are the first steps to take if I think I have depression?,"The first step is acknowledging how you're feeling, which is a big step. Next, consider reaching out to a healthcare provider or a mental health professional to discuss your symptoms and explore treatment options."
41,Can talking to friends help with depression?,"Yes, talking to friends can be a source of support and comfort. Sharing your feelings with someone who listens and cares can help you feel less isolated and more understood."
42,I'm nervous about taking antidepressants.,It's normal to have concerns about starting any new medication. Discussing your worries with your healthcare provider can help. They can provide information about the benefits and potential side effects to help you make an informed decision.
43,Can exercise really make a difference in managing depression?,"Exercise can be a powerful tool in managing depression. It releases endorphins, which have natural mood-lifting properties. Even moderate physical activity can make a significant difference in mood and energy levels."
44,How can I motivate myself to do things when I'm depressed?,"Motivation can be challenging when you're depressed. Setting small, achievable goals can help. Focus on activities that you enjoy or find relaxing, even if they seem minor. Celebrate the small victories, and be kind to yourself."
45,Does nutrition play a role in managing depression?,"Yes, nutrition can impact your mood and energy levels. Eating a balanced diet rich in fruits, vegetables, whole grains, and lean protein can support your mental and physical health."
46,"I feel like depression is affecting my work. What should I do?""","Consider speaking with a trusted colleague or supervisor about how you're feeling, if you're comfortable. Many workplaces offer support through HR or employee assistance programs. Seeking professional help can also provide strategies to cope."
47,How do I deal with depression when I have no access to professional help?,"If professional help isn't accessible, explore online resources, support groups, or hotlines that offer assistance. Engaging in self-care practices, like exercise, mindfulness, and connecting with loved ones, can also provide some relief."
48,Can mindfulness and meditation help with depression?,"Yes, mindfulness and meditation can be effective in managing depression. They help in focusing on the present moment, reducing negative thought patterns, and improving emotional regulation."
49,What should I do if I see no improvement in my depression symptoms?,"If you're not seeing improvement, it's important to reach back out to your healthcare provider. Treatment plans can be adjusted, and different approaches, such as changing medications or trying new therapies, might be necessary"
50,Is it common to feel anxious as well as depressed?,"Yes, it's quite common to experience both anxiety and depression. Many people find that these conditions can occur together, affecting their ability to function. It's important to address both with a healthcare provider."
51,Why do I feel guilty for being depressed?,"Feeling guilty is a common symptom of depression, often because people may believe they should be able to control their mood. Remember, depression is a medical condition, not a personal failing."
52,How can I help myself on days when depression feels overwhelming?,"On overwhelming days, try to focus on self-care. Small actions like taking a shower, going for a walk, or practicing mindfulness can make a difference. Reach out to a friend or loved one for support."
53,Will therapy make me dependent on my therapist?,"Therapy is designed to provide you with tools to cope with depression independently over time. A good therapist aims to empower you, not make you dependent on them."
54,How do I find the right mental health professional for me?,Finding the right professional may require some research. Look for someone with experience in treating depression. Many find it helpful to interview potential therapists to see if their approach and personality are a good fit.
55,Can depression change my personality?,"Depression can affect your thoughts, feelings, and behaviours, but it doesn't change the core of who you are. Treatment can help you manage symptoms and return to your usual self."
56,What role does medication play in treating depression?,"Medication can be an effective part of treatment for many people with depression, especially when combined with therapy. It can help correct chemical imbalances affecting your mood."
57,How do I cope with the side effects of depression medication?,"If you're experiencing side effects, don't hesitate to discuss them with your doctor. They can adjust your dosage or try a different medication to find what works best for you, minimizing side effects."
58,Can depression be cured or does it last a lifetime?,"Depression is treatable and many people do recover completely. For some, it may be a chronic condition that requires ongoing management, but with the right treatment plan, living a fulfilling life is possible."
59,What should I do if I'm thinking about harming myself?,"If you're thinking about harming yourself, it's important to seek help immediately. Contact a trusted individual, a healthcare provider, or a crisis hotline. You're not alone, and there are people who want to help you through this."
60,Does spending time outside help with depression?,"Yes, spending time in nature or simply outside can boost your mood and improve your mental health. Natural light and fresh air have been shown to have positive effects on well-being."
61,How can I break the cycle of negative thoughts that depression brings?,"One approach is cognitive-behavioral therapy (CBT), which helps identify and challenge negative thought patterns. Mindfulness and meditation can also help you become more aware of your thoughts and manage them effectively."
62,Can writing or journaling help me manage my depression?,"Yes, many people find that writing down their thoughts and feelings can be a therapeutic way to express themselves and cope with depression. It can help you track your mood and identify triggers."
63,What dietary changes can support my mental health?,"A balanced diet rich in fruits, vegetables, whole grains, and lean proteins can support mental health. Omega-3 fatty acids, found in fish and flaxseeds, and certain vitamins like B and D, may also help improve mood."
64,How do I deal with the isolation that comes with depression?,"Reaching out to friends, joining a support group, or engaging in community activities can help combat isolation. Even online interaction can provide a sense of connection and support."
65,What are the risks of ignoring depression?,"Ignoring depression can lead to worsening symptoms, decreased quality of life, and greater difficulty in treatment. It can also increase the risk of substance abuse and physical health issues."
66,Can pets help with depression?,"Yes, pets can provide companionship, reduce stress, and increase feelings of happiness and well-being. Caring for a pet can also bring structure and routine to your day, which can be beneficial."
67,What if I'm afraid to start treatment for depression?,"It's normal to feel apprehensive about starting treatment. Learning about your options, discussing your concerns with a professional, and taking small steps can make the process more manageable."
68,How does sleep impact depression?,"Poor sleep can exacerbate depression symptoms, while healthy sleep patterns can improve mood and well-being. Establishing a regular sleep routine can be an important part of managing depression."
69,What are some small steps I can take today to start feeling better?,"Consider small actions like taking a walk, reaching out to a friend, or practicing a few minutes of mindfulness. Each small step can contribute to your well-being and help build momentum towards recovery."
70,How can I support a loved one who is going through depression but refuses help?,"Supporting someone who refuses help can be challenging. Continue offering your support, listen without judgment, and gently encourage them to consider professional help. Sharing resources or information about depression subtly might also help."
71,Are there any natural remedies that can help with depression?,"Some find relief through natural remedies like exercise, a healthy diet, sufficient sleep, and mindfulness practices. However, it's important to consult with a healthcare professional before trying natural remedies, especially if you're experiencing severe symptoms."
72,"How do I balance taking care of myself with the demands of work, family, and social obligations?","Prioritizing self-care is crucial. Try setting boundaries, delegating tasks, and being realistic about what you can handle. Remember, it's okay to ask for help and take breaks when you need them."
73,Can depression make it hard to make decisions?,"Yes, depression can significantly impact your ability to make decisions, leading to indecisiveness or difficulty thinking clearly. This is a common symptom and can improve with treatment."
74,What's the best way to find a support group for depression?,"You can find support groups through mental health organizations, online platforms, or local community centers. Your healthcare provider may also have recommendations for support groups in your area."
75,How important is routine for managing depression?,"Having a routine can be very helpful for managing depression. It can provide structure, reduce decision-making stress, and help ensure you're taking care of your basic needs."
76,I'm struggling with depression and don't know where to start with getting help.,"Starting can feel overwhelming. A first step could be reaching out to a trusted friend or family member, or contacting a healthcare professional like a GP who can guide you on the path to treatment."
77,Does everyone with depression experience the same symptoms?,"No, depression affects everyone differently. Symptoms can vary widely in their type, severity, and duration from person to person, which is why personalized treatment is important."
78,What are some coping strategies for days when depression feels insurmountable?,"On tough days, focus on small, achievable tasks and practice self-compassion. Engaging in activities you enjoy, even if they seem small, can also help. Remember, it's okay to ask for support."
79,Is it possible for depression symptoms to improve on their own without treatment?,"While symptoms may improve temporarily, it's important to seek treatment to effectively manage depression. Untreated depression can become chronic or worsen over time."
80,How do I manage depression without access to professional help?,"Exploring self-help resources, practicing mindfulness, and maintaining a healthy lifestyle can be beneficial. Online forums and helplines can also provide support and advice in the absence of professional help."
81,Can depression affect physical health as well?,"Yes, depression can have physical effects, such as changes in appetite, sleep disturbances, and chronic pain. It's important to address both mental and physical health when dealing with depression."
82,How can I rebuild my life after a major depressive episode?,"Rebuilding takes time and patience. Start with setting small, manageable goals and gradually incorporate activities that bring you joy. Seeking support from loved ones and professionals can also provide a solid foundation for recovery."
83,What should I do if I relapse into depression?,"Recognize that relapse can be a part of the recovery process. Reach out to your healthcare provider to discuss your symptoms and adjust your treatment plan as needed. Remember, each step forward is progress."
84,How can I maintain my mental health after overcoming depression?,"Maintaining mental health involves regular self-care, staying connected with supportive people, continuing therapy or medication if recommended, and being mindful of any signs of relapse to address them early."
85,What role do genetics play in depression?,"Genetics can contribute to the risk of developing depression, but it's just one of many factors. Environmental influences and personal experiences also play significant roles in its onset."
86,Can mindfulness really improve depression symptoms?,"Yes, mindfulness has been shown to help reduce symptoms of depression by encouraging a focus on the present, reducing negative thought patterns, and enhancing emotional regulation."
87,How do I explain my depression to my employer?,"You're not obligated to disclose your mental health condition, but if you choose to, you might explain it impacts your work and what accommodations could help. It's important to know your rights regarding workplace discrimination."
88,Are there any specific foods that help with depression?,"While no specific food cures depression, a balanced diet rich in fruits, vegetables, whole grains, lean protein, and omega-3 fatty acids can support overall brain health and improve mood."
89,What's the difference between feeling sad and being depressed?,Feeling sad is a normal emotion that usually passes with time. Depression is a medical condition with persistent symptoms that affect daily life and functioning. It's more intense and lasts longer than typical sadness.
90,Do seasonal changes affect depression?,"Yes, seasonal changes can affect depression. Some individuals experience Seasonal Affective Disorder (SAD), where depression symptoms worsen during specific seasons, often in winter due to reduced sunlight."
91,How can I convince someone to seek help for depression?,"Encouraging someone to seek help involves expressing your concern, sharing information about depression respectfully, and suggesting they talk to a professional. It’s important to be supportive without pushing too hard."
92,What’s the impact of social media on depression?,"Social media can have both positive and negative impacts on depression. It might increase feelings of inadequacy or isolation for some, while providing a platform for support and connection for others."
93,Can depression lead to memory problems?,"Yes, depression can affect cognitive functions, including memory. It might cause difficulties with concentrating and remembering, which often improve with treatment for depression."
94,Is it normal to feel worse before feeling better when starting treatment for depression?,"Yes, it's common for some individuals to feel an initial increase in discomfort when starting treatment as they begin confronting emotions and behaviors. This usually improves as treatment progresses."
95,How effective is online therapy for depression?,"Online therapy can be effective for many individuals, offering convenience and accessibility. It’s important to ensure the therapist is qualified and the platform is secure"
96,Can yoga and meditation replace conventional treatment for depression?,"While yoga and meditation can be beneficial in managing symptoms, they should complement, not replace, conventional treatments like therapy and medication, especially for moderate to severe depression."
97,What are the long-term effects of untreated depression?,"Untreated depression can lead to worsening symptoms, significant impairment in daily functioning, and a higher risk of suicide. It can also have long-term health consequences, including heart disease."
98,How do antidepressants work?,"Antidepressants work by altering the balance of neurotransmitters in the brain, which can help improve mood and reduce symptoms of depression. The exact mechanism can vary depending on the type of medication."
99,What can I do today to start feeling a little better?,"Taking a small step like going for a walk, reaching out to a friend, or engaging in a hobby can help. Acknowledging your feelings and setting a manageable goal for the day can also make a difference."
